centroid_x_m,centroid_y_m,height_m,area_m2
-786.1699984057964,796.9161147353026,85.0,94778.7463702143
423.15430017254437,29.953120303013943,274.0,2892.051454535728
-136.80992390770078,-78.96141767479861,85.0,9155.330362257211
-937.391803059311,996.8755563458207,30.0,24119.252523416653
-79.92047443177253,810.3675037868593,85.0,7994.337520257838
608.4147099146638,804.1178899951134,85.0,7658.911254512534
435.16076575653597,197.1865153144317,85.0,6672.168545852507
-304.2072714616509,177.5990916080582,55.0,10225.382621149614
-507.3034617963974,56.69084789886367,24.0,23227.26794534095
327.61620154303057,-31.6759289712166,37.0,14352.345204024772
26.035543743254284,270.8693823174974,130.0,3796.667237336554
29.035884665446957,-115.44356861853898,85.0,5457.134370369274
314.2916851913759,-53.64551621473086,96.0,4612.088636989093
249.40676459924174,-114.65919330430242,59.8,7154.1949691245045
231.70856774585127,330.23961869295397,261.0,1570.4113413215784
-346.208242722101,401.4882718419462,12.0,31691.95502680317
723.3352817846281,802.0312245424636,72.0,5054.343184850383
789.0414068924388,590.6472085456361,72.0,4886.967704292732
-283.8403274050289,84.29417125869924,55.0,6314.43452429321
626.4875139126232,702.4221410329133,85.0,3637.069570064068
-184.85691187634558,808.4573478546715,85.0,3598.8427343218395
-432.90316474634903,621.1920774289687,15.0,20258.82049396082
-365.94728639126095,378.91104357446,129.0,2270.3288341706793
-381.8344669419688,464.15071746980806,129.0,2270.2159071200895
-347.4700135194604,279.80009710847713,129.0,2270.209499131138
-59.21410546053174,-68.22374326887685,85.0,3212.5459034599703
-176.32964876827577,532.2473620508899,85.0,3102.3910334651514
109.0889070726179,700.05321583118,72.0,3589.426749869285
843.5428708088526,528.2634821941562,85.0,2818.8274426565345
-271.567614868908,18.510689538003707,55.0,4128.250993215327
107.07007644975582,308.397111482161,59.8,3718.035861025495
-71.70793494032723,154.9918878316373,72.0,3043.503771292154
1017.2582713580648,834.786773364945,8.8,24520.452392266583
-350.18708032997137,559.4310651078514,129.0,1666.7227037257715
-401.9111537095645,550.4283056940169,129.0,1666.7111336952162
-1011.0333938847496,958.3166016631804,255.0,828.9029193704916
-967.753415174256,955.8188985812887,255.0,819.8270508907231
796.428434799734,591.8413516201919,53.0,3825.7868459955434
211.745283453385,324.1333755941559,28.0,6938.765449181379
117.4783691503837,586.0447190736362,72.0,2684.227287228952
-183.69651670963762,165.70077781761364,160.0,1112.9861910922448
108.89294459087952,698.5241304960743,28.0,6355.88586021214
590.1524396803176,490.6970197693348,49.6,3499.546814509533
127.52248463871815,65.19422618051559,59.8,2817.541332203691
14.143568296929999,76.97852538991528,40.0,4191.390703373961
702.5429217217206,686.7141552499279,72.0,2286.9299858061827
561.1854313198667,262.75716246694054,56.4,2895.038664756743
-874.2311242604296,967.3588919273243,231.0,684.5880378265736
-845.9339836391042,995.4667693365171,231.0,680.5992717352609
228.7149912575486,325.04289640514503,29.2,5270.859638488991
-843.6219989647369,1030.7883931910928,231.0,652.752021305125
232.69002639170398,146.1250429975151,172.0,865.8093025466404
-196.64291762806235,927.9137094207895,87.0,1692.9934963983037
-640.0945098368041,1010.2090480805136,12.2,11716.58971853813
646.814815667271,339.8338224263712,49.6,2862.2481788487785
-311.51407586998005,873.8199392647371,212.79999999999998,658.9048632031454
-443.6843717479193,853.0688764983497,22.4,5996.47326006392
-216.00019729656165,265.62607440409124,55.0,2420.9639207237815
-907.7097141599136,963.6270508664111,231.0,568.1300359164579
131.13116676782164,203.49839951778085,28.0,4648.389154938191
-182.72552409255502,-159.52965834999864,55.0,2341.9174850726736
658.6375788956816,474.0851115185026,56.4,2266.3522126705293
13.18520138100703,92.52036937193482,115.0,1106.5183071730596
629.36900771609,623.7270105781417,49.6,2560.8862165416044
842.5676367852462,680.4692720106865,117.6,1064.4840343228248
623.1361563931523,425.14490112366224,56.4,2205.1427607040428
803.6889358844284,485.560125213581,59.8,2040.327479002603
-273.6244833763624,896.618388923134,212.79999999999998,563.8426768399048
-429.42834517598425,697.8716385920455,55.0,2137.706909459882
-223.58850550710247,312.3319466678212,55.0,2136.7062508855834
427.523465870666,34.63281598204597,32.0,3602.9032995069583
-236.00493039858705,363.2673163833313,55.0,2094.3463415203755
380.91798290883156,938.1746541518696,72.0,1577.2697461216242
-331.25153250693205,834.5693444735954,212.79999999999998,529.8099535599165
714.755369787207,410.20059585549274,55.0,1973.7835274930771
844.5449318351782,525.4734364618178,53.0,2002.2621473577765
521.2985646478668,439.84388234517917,46.199999999999996,2282.2078054028716
89.71944157605199,623.8015411039006,55.0,1906.6490765336819
165.83588294865822,84.75767045583932,59.8,1721.6260380611873
-325.43900635431237,413.2381857270509,55.0,1869.9667438097406
-333.7562261208638,457.8468765223661,55.0,1869.5921017765775
-343.427569708619,509.8022581793215,55.0,1832.846220612864
-315.6779456499463,361.30197314065214,55.0,1827.7182641987736
237.17552044399577,656.1586660317963,55.0,1826.6878670346796
521.0569651346053,526.0098154479541,72.0,1379.8302257234884
-30.30658040854486,894.6669332014957,55.0,1794.662741695118
-61.29324406230354,63.5945935108201,55.0,1786.9446663185633
175.0568858111221,150.27978618626682,53.0,1843.4418704231273
-188.07523537094755,219.3501308168189,55.0,1761.1866635060114
497.4182487012224,225.76226570002177,49.6,1951.3183007996922
-298.20779843048524,266.7748601537924,55.0,1734.6862616649466
-307.090981101725,314.42469654904255,55.0,1734.2043266276905
774.3844541946897,765.8130011878499,59.8,1586.413189384848
-413.3750021657542,1020.6961223487071,107.39999999999999,866.6328268431525
92.70001699981005,580.1672243153797,72.0,1277.1889287330573
441.2508900162714,938.8118446054139,55.0,1667.7022721937442
1033.8827261060871,939.0194438073913,42.8,2061.48814876818
543.7621902026295,378.11653103411254,46.199999999999996,1905.5158613894641
112.4018821844819,779.8720238883039,55.0,1596.2225373749275
850.0201624659111,1033.2135220850557,66.6,1287.3948660393312
-517.0781138450564,398.8485704103504,15.0,5643.097165194725
-401.51090379227156,982.302521414043,104.0,811.242472907865
-1041.8232884780355,967.8370174264937,255.0,329.34176421186606
22.578933528768076,348.8874628216989,55.0,1524.5296527111166
-133.18831635322803,337.7812129233949,72.0,1163.963490713441
401.7462743512961,433.73298544537664,97.2,851.783933178312
-722.7098317808444,1042.1917931263092,104.0,794.0676717343619
1028.4206588607424,897.6075839541575,12.2,6689.559335842385
409.80923362646786,557.8235451516933,55.0,1479.9083213587367
-210.43666647295487,891.145702276047,29.2,2766.8827826956185
236.28174313934707,656.0517449676603,60.0,1339.5812403043399
-205.0973722106118,245.2514828820248,13.0,6182.662972355024
-68.50478330322771,154.1857923109662,42.8,1858.1319865130254
-228.77155451933112,334.0812350369527,13.0,6114.2123485775555
-410.389553936795,602.339792701042,55.0,1438.7423568817135
692.2066727350644,613.6030368322145,46.199999999999996,1661.361188790358
744.5029703996382,658.4359604334938,46.199999999999996,1656.5526460570852
717.3592276722919,988.856868685813,55.0,1380.8782370470217
-180.59926999061528,110.55040355682516,12.0,6300.672744572531
112.57624181858152,537.9451730460813,72.0,1050.0095639879858
704.8162196601487,688.2730009309163,46.199999999999996,1635.3909957237752
178.07541099888152,522.8707862453737,72.0,1047.633373455025
22.578660906900495,348.8840941943192,55.0,1344.7784636055487
10.7571425276443,132.72962184248468,55.0,1334.9007010393177
667.2944550095335,918.4445269230742,55.0,1333.0193893098817
334.11902780412686,342.5046521907332,131.2,553.578313153384
66.18789623385655,834.4064051250406,55.0,1301.527980282029
194.31280788042923,647.0321565632905,72.0,956.5453705324867
340.08552672526105,844.5240765934428,55.0,1250.0472009440537
132.4699432996222,146.13655016606955,66.6,1017.5677826862858
451.62210078304463,755.4535599431422,55.0,1207.7182554152146
368.5664563090244,693.398778532458,60.0,1094.1562832091827
747.3752601882768,534.0360863180206,49.6,1320.8749658717472
713.9445097986287,573.2022046294087,49.6,1320.0950759241591
-293.3496292747581,-78.65891569011787,55.0,1188.821685467077
15.908262522045412,462.4654858682507,55.0,1182.0871980932127
380.88401542171243,936.9896448407042,66.6,960.5801951711996
-370.1084363867272,657.8604746446014,55.0,1145.978607576465
872.0728753259094,967.4655174108543,19.0,3307.6814478252545
413.06673658268477,886.4260848684787,55.0,1141.7655636886975
-423.8857645780133,660.7064233297803,55.0,1139.027068703939
875.0175827446885,617.8869159649521,46.199999999999996,1355.63011597352
-420.45142934079274,634.0791839244118,55.0,1136.633184161482
22.512789183465006,561.9777077742981,28.0,2209.316151523789
-513.9647124929504,399.46176362364133,15.0,4103.285486574845
263.86381820062417,236.20383737251234,124.39999999999999,493.54033780012014
-34.59379808439499,283.55892425796486,60.0,993.0652185516471
620.8014737888783,1033.6205029476823,55.0,1077.2408733707848
434.477716685722,730.1104256471083,55.0,1060.464582716237
-251.16704289560633,840.3894892282722,55.0,1059.7416201165768
1030.742403987272,864.7195652199853,19.0,3014.606849536291
-310.84728467003185,780.1402270122456,55.0,1038.679046232499
-128.64699026157118,294.30164442573806,73.39999999999999,759.6287508383894
99.24506430740884,151.5675871918473,87.0,629.0171920977671
370.89604026463036,695.1448548752181,60.0,904.5712307591992
500.7496546079383,324.0401702731594,49.6,1091.4606304230385
-144.08338556292748,815.1660742842869,55.0,977.0087555014412
277.55851112960687,343.6614646322935,76.8,695.1369875212871
314.16676981606383,721.8603916190418,55.0,932.7260679503561
88.56476259331937,366.2075020407682,56.4,908.04015580827
199.74352466830504,698.4126548122799,55.0,924.31034686768
96.1841424024992,210.92762531342618,59.8,849.2791733750552
530.1072922232256,589.2559141518574,46.199999999999996,1094.3971651191134
-380.1665181745195,707.6760523348089,55.0,912.6671135762957
-172.44332325971328,117.81101043840589,26.0,1920.3186768498867
-356.3651069896868,612.5871378387202,55.0,906.3598613021725
852.1501107086726,665.4317208459188,53.0,940.3697614048032
21.81233077179994,380.188474137978,51.0,945.6574879076426
521.5050460534468,525.4962595625591,49.6,962.6280315437654
330.7032404978004,927.486292169149,100.6,469.5526910145306
187.94730794629007,192.60789456015613,66.6,705.0970487315677
1042.0978818114893,738.3139829643897,29.2,1590.5481836780332
-205.93298964771336,895.9627433935638,39.4,1166.0890537660218
497.0745174556818,231.9222141018665,15.6,2932.3767861412052
16.171677362298123,697.8287187269161,28.0,1619.3181457116707
11.218261991974686,802.7614357293326,28.0,1602.907011665951
-414.3748727724066,774.0124474425686,53.0,809.1073766528132
-286.87832420756564,521.9853945066942,95.0,437.11296437699633
-65.14283152849035,63.31117473241133,15.0,2742.4962865189273
-373.84928781970643,421.50769879011517,56.4,727.5123442463372
130.1688521522071,215.50810922071605,59.8,681.2830350004556
131.34342869249144,184.32766509001328,59.8,681.0958982743139
330.86722016601976,398.5977209617868,83.6,485.51384308824856
710.4411804992222,406.45049313916616,15.6,2594.480197246203
37.84366393533931,-33.051701894700905,25.0,1617.721448107996
94.76563856968328,622.1094081428305,12.2,3221.838612278162
776.5561940757361,765.4411865857071,12.2,3177.8009929775985
148.01935535839058,990.6702794257802,59.8,638.9202322287571
-136.42158272513512,338.8781185579031,53.0,720.3008180815044
182.9152714185755,495.8973335797662,45.0,822.6338688303481
389.5361623543851,398.1226812371035,66.6,548.5809945326413
28.309562350820865,162.20890950291923,45.0,806.6464789101278
182.0049035590652,523.8897892115563,56.4,628.5963749523371
433.62311354638143,727.0738472180303,45.0,787.0601380899981
518.5397121961954,436.5663266340977,12.2,2881.5375057187243
-468.3813463691739,999.8392570961905,8.8,3994.037886189128
449.0181519201554,629.2862059847633,60.0,583.8704012290389
115.03247085318932,420.3324078431014,76.8,455.28269272909273
23.709326621001605,323.3774026252546,55.0,622.6969615641103
441.6771587496555,685.7655363578697,45.0,747.5426947020692
842.1519396847198,666.2802136385807,15.6,2149.3621686063043
577.7289507604496,544.2989262042319,15.6,2132.659184895948
187.53991669161567,440.96720130884194,56.4,587.7295390828582
180.69980579056724,497.75061913362765,56.4,573.3291053999266
158.63705028178825,185.64775218619707,59.8,536.5640012081163
157.46246186794835,216.8289898996924,59.8,536.3989989219821
-67.63511453071247,223.50122508792165,45.0,711.0710854429301
338.70337902550386,272.3271608152212,36.0,888.4862946721097
189.49023756118348,1029.9349455721288,59.8,533.8778287854449
410.08068485154996,770.6455433770958,45.0,709.1768296798133
184.07899027465152,439.6396902403241,70.0,453.17042478601377
92.23406749700264,178.30518035398572,60.0,525.2308646365682
-143.02649016949294,1030.900512307696,45.0,677.4211843682152
120.49063784903618,247.47984506966105,12.2,2491.5058481529777
361.4022068759212,508.50071499630087,63.199999999999996,480.0580589007216
38.584064073956746,189.75382357465713,45.0,666.6533994285476
292.39286458146887,413.56736214417,70.0,427.77006483146357
170.27387546199188,322.8037992609629,15.6,1917.618205408226
-1003.094604047495,-848.8815506449661,14.0,2104.2623153914196
321.1148364631302,460.5596497123406,59.8,490.9821481772757
412.5854665633998,485.53335695855196,59.8,486.9176222398039
83.49037926543492,444.7604172201112,56.4,514.0009500630287
768.0395065570995,734.3015537342495,46.199999999999996,621.9266317562683
345.5174408258366,955.5822619565254,87.0,327.51870546836165
184.73408961316838,995.4354759551888,46.199999999999996,616.5211120124333
85.8585567084868,422.105720076111,53.0,532.5152348595344
286.463482534686,94.11049469256587,5.4,5215.752440311621
79.38066275944475,518.822134496884,32.0,879.8349814228792
392.4863376804373,366.5690016984693,53.0,526.8058544517389
375.7468157325213,272.9387404313358,73.39999999999999,377.92137507350145
-328.39663591403047,-100.77147130122093,8.8,3140.786876041543
452.8836108201327,755.2299785620285,32.0,858.458968085063
828.9975682923289,695.4404198482576,42.8,640.3071838599274
-310.29800824748725,985.7966350945599,59.8,456.94406357903665
-1014.969509072232,1029.7652124045496,10.0,2730.221025823814
546.1975255738682,1043.7121454020062,32.0,845.1152610283693
85.47387189816418,1009.8377037140068,19.0,1372.6971552300777
196.41870603564627,254.95818384833603,39.4,659.822011435236
-130.5340894374359,-20.459055423316215,32.0,800.7705422195418
424.6149110865372,8.56275331438047,5.4,4685.666706352401
-426.71929876528736,950.8058959900324,32.0,789.6940153496669
943.5894036296223,784.4566172602583,45.0,561.2149342484204
-71.84182733975175,222.91243672904594,55.0,457.4963922365977
-123.23411039591065,219.8237420202952,53.0,469.75701391390334
5.491871052881345,987.22337724224,49.6,500.4218827486737
274.1607411370824,373.27528293729387,66.6,368.9988186678912
383.7834241264205,591.4811511004059,45.0,543.9898632472725
376.599964298352,479.01209744082837,57.0,429.37971583143275
56.30295068490568,1013.9361435052161,83.6,290.8045790334841
55.66090377892373,1029.0829411811053,49.6,477.94172949846757
63.97648320918188,875.9496896679528,53.0,446.0590327092002
98.53609513057823,144.30326554136096,22.4,1054.9076380949
385.48088358973894,829.286771035483,32.0,736.1361447396818
-78.86225744890093,332.2823826848151,45.0,520.0596402900412
224.45281243469486,404.75269114382894,53.0,433.16994166238436
-80.866532721883,332.0008189039433,53.0,431.07225323564353
-42.88403628227674,980.9798868499495,66.6,340.9194206953766
-151.027352767744,975.9655010760215,42.8,529.8920566716419
70.41444006674071,778.4005800987172,32.0,706.0253663136642
-107.7789084040575,977.4704613033916,32.0,704.5589588312105
739.4407151687351,985.5630433109624,29.2,767.4000267637826
113.01735878030983,540.0186618966123,32.0,693.7068700992814
347.48663700603447,957.1939099073534,45.0,492.1133668969301
450.8527430193479,684.3197205795394,45.0,490.79213592861146
757.6572591611604,951.885415870278,29.2,753.8764406418885
-90.39503896539277,222.41133162143788,39.4,554.9788156475693
-437.6871966914614,1043.421130806528,107.39999999999999,201.16927057783116
562.8307961992841,531.6732773293912,36.0,596.7869347919216
592.4224453563894,557.1886282919336,36.0,595.7261283042138
299.736035078434,639.3016384094321,63.199999999999996,335.66501303234287
721.4385536579555,936.0574323684925,29.2,724.4529909419032
282.4522347391802,452.9246265125711,63.199999999999996,333.66924102039957
265.0556162664157,996.9317721486333,32.0,658.2997720799838
-269.7321468243986,411.1385109960921,43.0,488.0075556711654
439.34856989281997,602.6741284999284,32.0,652.6166124464086
288.41186685926635,717.1179212941558,32.0,648.2310469597775
672.0419022144379,937.6165008187287,19.0,1090.798665244887
332.3476144548569,544.6478535984661,32.0,645.3981066083733
106.0366137612453,916.5908522233012,80.2,257.499408499071
123.4804709889494,918.0588293765154,80.2,255.7466931110211
794.1697931317847,884.7482978111167,25.8,793.9867360327999
199.99530677909192,739.4044033786867,45.0,455.15932374490876
-317.7636833578302,756.3844332355936,32.0,639.0650603739546
743.4810637890499,896.9655541838897,25.8,790.3528323596614
-313.7440046112044,966.340079771539,53.0,383.81952271447346
258.04168615763996,890.30307441839,73.39999999999999,276.14476122866876
809.3543312866644,936.5577517076032,25.8,775.982862106918
118.3547843144661,992.725456583293,39.4,507.9932211004558
116.70793153779532,1025.781541729534,39.4,507.9604364837396
-31.833345869473643,223.9837332639453,45.0,443.59733057266186
772.957971402318,1003.626155308251,25.8,771.3179616999677
386.59244889421853,331.9945853036285,53.0,375.1706228370424
160.45313407080326,636.8691913104904,32.0,619.918208584502
-1033.5010895145358,-908.0017773966753,32.0,617.0976820538839
-107.63049107271128,972.3079017561271,53.0,372.4277408079069
348.52942771202424,549.1048318703876,32.0,614.3435291261534
-421.6594112610812,941.9549591254939,5.4,3616.610003083651
387.64453695427335,313.5412187448962,53.0,368.02809865124357
248.79297681739274,440.67783428340425,32.599999999999994,595.2130710597478
775.8607761763376,918.5722329664902,25.8,749.7431052239754
828.054199657363,902.8937754247883,25.8,747.2698037238879
264.55680875604105,272.0514195307307,70.0,274.97051458557206
791.1407044894696,970.4411697290603,25.8,745.2462981704359
461.8995787182938,876.4051365582392,32.0,592.9170116086725
90.67619750506795,474.6510650071788,32.0,592.5103864010576
353.5272757195425,429.3050785439933,59.8,316.8776379573497
302.00976018747383,757.430102869444,32.0,590.1014474050771
368.182603518716,510.28083422022934,76.8,245.73663072723502
391.52565158620087,347.05011287265705,53.0,355.66419781366574
-32.708640380219435,228.06903854114657,65.0,286.44062172952835
503.36888734800397,935.8501222589296,15.6,1192.4843708161407
416.91203199796684,795.2373468805612,45.0,405.4991585379175
255.71122180541118,749.1231458951183,45.0,404.53962087949543
141.89932632375172,546.2822055862739,45.0,404.10458148783806
389.5473216347313,994.0551600535043,32.0,565.9560807007592
188.08923590790977,887.2887593989333,53.0,339.05394017698063
354.6854046788709,898.7560804082968,32.0,559.859920550627
560.1890077948624,974.7328926845317,32.0,557.2507376219879
408.8510187291976,958.1409044037889,32.0,556.2899861846691
294.329439856254,892.9259216091017,45.0,395.0155429827595
96.69051511738539,475.01670460561667,45.0,394.45227680354725
443.3908380732061,605.756078925349,45.0,394.4423970880453
224.94820821886935,703.7976279870466,45.0,388.09308828011035
128.3991996834069,481.58583975689487,45.0,385.24351920427955
-162.712141469243,1025.6795740395826,32.0,536.7994226198492
174.51618302309294,695.0819000339361,45.0,378.04361312380803
-66.47168844837479,255.6364894516754,32.599999999999994,517.6510188617666
-106.73443493231058,352.0704227402464,56.4,298.4185993659885
251.0669595959586,708.433717143516,32.0,524.959328848263
89.35080586901218,882.0748884379263,53.0,315.3927472480576
-286.8514636760795,521.9886034236912,20.0,834.2165751033345
137.30967410922477,1026.3037337818425,53.0,314.5186533994864
155.73080629550083,1027.1636652597301,53.0,314.49758019210236
340.5679193358461,595.4480473557916,45.0,369.1969700926863
124.66843292237297,390.6722448983408,63.199999999999996,262.5459682302227
224.02593973231885,573.8652341188533,45.0,367.11645784665626
157.1690094311143,554.1052648420311,32.0,515.4855409653244
326.67067930021756,898.888792813234,56.4,290.63048990245613
80.2015768469351,491.50718229231586,32.0,511.5338622095709
200.46061411555206,737.001430151528,45.0,363.10820852057265
-15.042793264701158,295.622886505731,32.0,509.91729304348695
333.94385101501126,342.0138065200648,25.8,628.4769097084228
-208.936162722913,973.2633924010335,59.8,269.56818335813745
312.952634616383,723.2472863809834,36.0,447.75258079799846
0.6739797904531163,185.86014766962876,45.0,354.9110744938374
12.468089747670849,136.3638457125111,8.8,1813.2469161889487
274.22067841597396,538.9020144842879,32.0,493.2248054159221
254.62076113437396,951.1169777325829,45.0,350.18632754905843
338.7858939844664,503.3544534991792,66.6,235.5715000373999
945.4813552491148,477.13914315463126,32.0,487.5670000000973
324.0095225987284,498.4785952314977,70.0,221.83839476280147
-44.484935232842126,1029.4195330493824,32.0,482.7040248984383
6.9621492000970395,1036.44777029198,45.0,342.628764762939
346.96474432395115,469.69854794327944,63.199999999999996,243.44990905273454
-393.01526721777583,749.7786197733772,22.4,684.4860892063266
-90.45731421319259,257.1656405231621,32.0,478.62857905871533
452.60748728306197,830.9419584083108,45.0,340.10416843547085
251.93998425509014,392.8010822425131,66.6,229.69399599624194
333.1607470380778,647.4352863571428,63.199999999999996,240.81031525369843
158.06106282241257,947.5862873368259,45.0,338.0777408564991
-244.14491197496443,971.5513005944412,56.4,269.4418509587599
-190.86271111415346,975.4595945904373,49.6,306.07103994746643
316.6404698895974,588.9961749231628,32.0,471.6178471176893
-123.44603064766511,244.4655050905567,45.0,333.69429727100385
162.8490528345308,813.9101400758193,32.0,468.3971241095858
-273.98336887003995,446.47024540351885,53.0,282.68071586612075
452.1798267837491,630.9777117002146,36.0,416.0391761059758
-281.59794489275833,487.0407944517442,53.0,282.1485722228461
-61.62420863631244,1025.0633621411775,32.0,464.3418652171856
304.9003703189507,846.7020946751863,32.0,460.370807606755
272.1135151694791,713.8656996353784,32.0,459.9359478152378
303.3600464934265,585.4143899184199,32.0,458.52392203411546
130.6423993808657,481.8240634962205,66.6,219.70000135739926
211.348433099308,-99.10070392283741,32.0,456.23209705077295
189.1771947085548,368.90920973547657,39.4,370.1501279027552
293.5082592905093,893.0110392113228,53.0,274.80520998582193
295.76969570183195,484.7287487057265,59.8,243.45754678176428
324.34792760320477,309.01253110472186,39.4,369.022644806675
85.49371372450484,421.1127787599879,15.6,931.8944831563454
471.0437796021829,894.28105302982,32.0,453.2252157014909
-191.91148477756596,1011.980752141311,32.0,452.44517030296174
979.2582960358079,616.2629788081452,32.0,451.18638030638317
-34.45304021252365,284.34289468775,8.8,1638.546559230123
339.0484454106318,731.0647577949178,32.0,450.0865916409291
274.39476005174856,838.8031008790749,32.0,445.75718194737357
328.3586871771543,224.78767205534,63.199999999999996,224.9679381683142
104.92400622891424,837.9454621265329,32.0,442.7734449589505
437.13313184110666,1022.4865527707395,32.0,438.42317546932645
165.20287889710997,736.592573105806,45.0,309.71647050970506
356.7345486916106,312.59520124094115,39.4,353.654942087982
199.22883985467737,650.8408318994832,36.0,383.3101459635494
512.286346478814,866.8156633786172,32.0,429.5483041055952
925.0934199561281,1002.1594300472902,19.0,723.0226952913371
494.4317369985592,1029.7788706153945,32.0,428.05063190848944
-276.627935054473,467.3169944889549,66.6,205.59044427790872
292.1039642117147,414.7064007967399,19.0,719.9023300284691
88.6200373850127,388.20638818198165,49.6,275.6894248318283
534.0993721909391,976.2688905661424,32.0,425.6886597275674
-117.77358261518044,1005.8222405960809,45.0,301.71086154927247
194.53269793612108,443.5664244433123,15.6,868.4362533503395
-22.07220561395781,189.45345419255148,45.0,299.9360836314388
-18.5831431323052,366.7513787032505,100.0,134.89967168076726
763.1193732692424,728.3062951900674,46.199999999999996,291.2311308323801
489.48803537273494,760.5496011489274,32.0,419.8220677853189
16.69010571944905,188.49459782380436,45.0,297.71892819313183
329.35353319026086,592.3782279174347,32.0,416.06730623653283
255.67646273970107,366.8926958930275,59.8,222.51632846418116
-125.26497048571935,245.14066179989678,66.6,198.36081035357762
-2.934469654929284,-41.864968749395196,12.2,1079.8195592564673
-18.77718072663214,361.6751640597171,45.0,291.8492455253203
61.53555048736925,991.2470195145803,66.6,196.60354609542378
362.68573380981337,403.7566959242261,63.199999999999996,207.0465342349509
58.01573354368547,979.6034694536846,45.0,290.6872954434858
57.44376199943345,991.0462437132666,45.0,290.4744689897623
610.3836968968176,418.5732606208491,12.2,1068.9644135814897
408.65753564213867,484.22502375829214,15.6,833.5844425440011
393.1874449085605,690.1586075606765,32.0,404.41933855697425
353.0753951597914,599.399837297985,32.0,403.95138142937526
17.153081496942008,-74.54374646277645,32.0,400.9779847074753
132.12750589140302,366.3945204575608,66.6,191.32640807731607
-141.98182832400795,1000.8224891933792,32.0,396.21642196491746
313.14439536944417,421.1753900760573,66.6,189.5474900770439
193.18215195255647,950.0869075455313,32.0,394.2388108546994
-93.66505106892268,1004.8965780872014,36.0,349.76220448043546
-322.4111113704816,1006.2201352466404,39.4,318.83049233283106
-291.58117836236903,547.2828114154155,45.0,278.275939944655
-293.9485573797841,559.9296456948967,45.0,278.17278540027695
372.304267848536,253.1523134540892,66.6,186.5408156479739
-98.89627490593362,378.8063280897976,47.0,263.6682265724332
-17.644056778470933,157.7981848137991,32.0,386.99889922722895
-269.4276838221341,1029.5421635362413,32.0,386.58764980654416
-326.5743830265183,-4.756897762692843,32.0,383.82946949338844
320.75988446575013,461.9161088704366,12.2,1006.070294672505
371.7553910111351,210.87026605840467,83.6,146.73818486587098
118.14517629768571,365.22415923089306,66.6,183.53764042339242
224.4074728262791,572.1928770201135,53.0,230.23953154036445
240.8474225261185,891.3091796108685,56.4,215.65881400711476
436.47533863806046,785.3290222795706,45.0,270.2651084335776
286.0738397643182,567.4284551994951,32.0,376.20841797047296
60.26813963860529,943.5451082577308,32.0,375.53764368119323
379.71587069781134,806.7961273882518,32.0,373.4209651146743
938.0427888238086,1040.2196847096097,32.599999999999994,365.5820960433638
362.83362846241516,503.79764648525685,15.6,762.6202597348862
401.48043976399777,704.0491987222018,32.0,369.0874921334896
131.8907543178907,543.809935094286,45.0,262.07513794866344
60.993613847765765,979.7471273413056,53.0,222.3429080896521
-730.7945989442286,1044.0317797629198,19.0,619.6121410265994
104.62234012482476,813.3676735710192,32.0,365.71281733542094
-210.09687827837678,974.7036289967684,32.0,364.1048066168725
266.3155188080779,260.31026302359123,76.8,151.02481309380846
273.0642141543454,857.5943084689231,32.0,362.1417312530947
63.578213995848806,887.9821639433347,46.199999999999996,250.56490795407518
348.04846407033114,547.5113972390849,32.0,359.61069673193987
173.9326214350376,949.6940447179483,45.0,255.62985252593018
238.05772274915356,952.4949358238048,32.0,358.6641926738086
179.3355662539716,404.1055346854095,36.0,318.42024525852804
281.68962047461457,516.9797102873264,45.0,254.40332471779402
358.6985086189304,754.7582511944241,32.0,357.6985678697363
416.31925799361267,793.952213275857,45.0,253.94467000204958
-151.3027306085047,975.7126734671033,15.6,728.1697078905089
351.5925327691158,249.42817017327923,66.6,170.19347717808355
-68.76675876137865,286.23886887346396,42.8,264.43178821162417
-114.39103890927316,377.48915030226607,45.0,248.06544223057122
-117.83905053120422,1027.816067881869,32.0,346.8843866821583
16.001465718229753,464.08464254138806,32.0,346.8268817613085
225.36317575180385,404.37371578316856,15.6,710.0496313460234
196.43590827852216,415.8126106772927,36.0,307.5354981327106
231.94064672328616,256.34616434132084,70.0,157.7651961488775
233.0285883598453,555.1495440605858,45.0,244.86001282521025
-62.64346361756583,1026.1990449475795,45.0,244.67786998935043
-245.71806789773908,1038.0630066831957,32.0,342.9917658301289
274.8970410838725,951.7513331159977,45.0,243.2928762386562
274.73369598584213,925.0389530911106,32.0,337.7287453473283
257.0645420579606,924.426574946413,32.0,337.6135158728251
336.4026029973164,341.2186914264,12.2,878.9430815731623
373.235468261571,224.13897017346144,53.0,202.2419047559985
475.47896615075217,87.76158952751679,32.0,334.54928909519845
468.2898832249441,706.8171139651195,32.0,334.1651688111634
270.7997768234084,478.1496722846538,56.4,189.5098080552082
258.7065235916733,476.5457787018366,56.4,189.37840692020404
193.20985454450062,920.5046808031191,53.0,201.49483498653373
-188.82546767102318,31.513435774035393,12.0,888.6246313464328
292.48292142034677,925.6540300775329,32.0,331.5094394090218
121.7891444169973,947.594028730545,32.0,331.41023701015365
-43.11053995723056,991.8628741455312,15.6,679.7953696486911
274.62890564431217,927.180944247374,49.6,212.38664429731978
367.81530358589794,770.3262151355231,32.0,328.49429264572046
-221.38073118898618,1040.3373567461533,45.0,233.2566098882971
375.6258832375497,273.4230203890879,15.6,667.3065221917416
249.82805586288652,613.9957276734949,45.0,231.21148275477182
257.0054067858398,926.6370938557714,49.6,209.09333707489466
335.13434200872535,424.75219933931373,56.4,181.32438854653452
79.2135426876636,541.7450003062978,32.0,319.53975334622623
-12.63279640517794,223.39343371845902,32.0,319.292013715243
419.0976294842044,509.71983705072427,59.8,170.08303929413265
377.22281642119145,237.8089968352472,56.4,180.0492013576905
401.0548036197953,914.4462516762549,45.0,225.44904503273486
146.37477831731988,450.19344811910696,49.6,202.70651893899645
103.4681083554375,946.150519077013,32.0,311.5542461851455
-43.51138334588944,935.2067718039251,32.0,311.27171917166805
266.4326718199863,448.6337153008489,63.199999999999996,157.58933787913017
-211.1077660500117,992.1528407901515,45.0,221.04173776707256
-266.1501800011132,968.0505753158956,46.199999999999996,214.63002870145124
410.9730047781791,598.5824683394525,32.0,309.0567487200762
400.04603794706145,665.0087775014501,45.0,219.19160465965388
-60.19984545506548,998.460613129823,29.2,337.59686888355856
486.4530735364095,740.4063456114023,45.0,217.8557607439169
124.08214883571628,885.324347160342,53.0,184.58052778202193
397.82978410274376,750.4221995002325,32.0,305.10056672653064
-15.649154933113218,1003.7236420642085,45.0,216.91566236550014
371.43273657415017,864.0045101636299,32.0,303.43787887168224
178.52832723259854,563.1218458543678,32.0,303.35328918945703
468.3209755976071,770.3528255712604,36.0,269.16168133664416
85.77286784588115,948.2336650860741,32.0,302.3676747385134
89.80476038945578,917.8626490940653,53.0,181.73216169646994
-92.22799891022652,290.4712807353521,73.39999999999999,131.04650619373953
365.7625344001545,877.5123424197288,32.0,300.4674833826672
433.03445667836274,839.5095785615619,49.6,193.79104645939267
283.46985515912814,452.14922803814454,15.6,614.5180903224265
377.2835912100381,850.5105692158004,32.0,298.71008569116714
158.66031970463487,918.2911935401161,45.0,211.50026476041162
567.0253148975612,1016.6950045281139,32.0,296.4799857082704
505.39683945802886,806.0147763547635,32.0,292.2392414361633
-292.45936614310506,547.1183511392152,55.0,169.75530259828338
56.872088814017225,1002.4882578836425,32.0,290.8047866175804
384.53504078119045,593.258207671209,32.0,290.69216339190694
-297.17828692444124,558.8492681504462,57.0,163.0159816524901
222.61854147271876,922.9939148625458,56.4,164.47949649056267
244.93412157698035,558.3325130195631,45.0,206.05448653924333
328.5512568014125,672.4386241805731,32.0,289.61562637937516
5.092285917748046,697.3079605512664,32.0,289.14995021054824
309.10036975557347,493.17746954245956,36.0,256.0877079685758
487.40050687430636,841.5837500666503,45.0,204.83040384738024
-62.84503560211611,998.4880712535085,45.0,204.12982045036404
523.0043415426501,1012.721390742705,32.0,286.35277681256684
6.283768263221542,1016.2842111575476,45.0,203.1572909234991
219.9518863888275,889.1559298518143,56.4,161.9789064304174
310.4426217169149,625.7946173835097,45.0,202.2943317951063
-233.18841147393812,215.3040040663334,45.0,202.12407462057035
191.59611135130478,227.1585585700661,25.8,352.54188671459224
-948.3852019579863,-922.1288656188742,7.0,1298.0227255708473
312.14974608789174,890.625624971458,56.4,161.00462689690687
-128.46855186883107,377.7946023976831,45.0,201.26419057401338
459.1938433207352,664.651616074585,45.0,201.03253880002777
-243.92605406735873,1015.0443061207118,32.0,282.59103565975977
474.25360530501854,720.0840318221303,32.0,282.519611762325
324.27545867799466,357.2776758984895,59.8,150.97576604775625
-169.27277744173344,101.25701689209949,12.2,734.9020520304882
-300.1827132931343,1028.7857864560008,32.0,279.0344829023725
238.03909305913513,924.2198153834008,56.4,157.3532557778694
157.4204074501145,293.2741614029787,59.8,148.2847503260459
62.257545958702835,908.7254776136892,42.8,207.1249851615936
514.6734552547044,828.243884065578,32.0,276.68343879871264
182.92138954338117,735.3017936518835,32.0,274.0029823574318
-12.96459641705034,244.55874460888444,32.0,273.2297309976342
-922.894445857605,-1001.0127856876546,7.0,1247.636759490915
238.1883832109525,922.9553764787328,32.0,270.56013070641205
222.43931486908946,526.1698750614195,32.0,269.508359050147
146.19185677233136,886.896928251158,42.8,201.35701717766833
352.6330297780954,431.19366027364924,15.6,551.3110498637377
469.910873263221,83.62337811141471,32.0,267.47773146052833
-120.66541181524119,217.82070949253892,12.2,696.5056208649676
-126.53379964438474,272.1972406280308,53.0,159.50127808950614
448.2412054572406,810.7188823668578,32.0,264.07447346844117
330.5602427689795,248.25674755579828,56.4,149.7288918499276
-22.551794160449685,779.1587218013982,32.0,263.10710978887084
420.82839369982173,624.8915372757011,32.0,262.9752195799374
-232.59870043330858,215.8401593161056,60.0,140.2060165051066
480.0208046881535,795.8339501053649,32.0,262.50598654032706
225.84289922121627,267.8178514115321,53.0,156.89525209316812
371.69175998734744,307.38989464607033,53.0,156.25576238566816
422.9565040461681,526.374458108447,59.8,138.27765099872337
-411.21649529847,1047.1906833057983,107.39999999999999,75.98068156132274
-105.73887663530223,340.18930989712845,15.6,520.6859685290417
250.65761066893515,536.1473875741614,45.0,179.62003275202778
-128.38230723699158,375.75113092103936,55.0,146.63280396863595
321.6353465741604,370.8458041753239,49.6,162.5858450495672
161.3986865929871,886.2651804150495,56.4,142.79562627673232
143.8837182765421,430.38150975018647,66.6,120.79168243944349
318.6006980827876,643.8658544463017,70.0,114.63931356097812
230.21972993963743,256.93307317848763,36.0,222.31031494953345
-13.618024156262528,1027.2777650579646,36.0,222.07573498126263
341.412324925886,304.73684947083296,39.4,202.76204271475706
157.7570730992115,452.7508182969539,63.199999999999996,126.21288526044854
371.67840699588004,434.5300080119529,46.199999999999996,171.6344417433441
356.03765261011205,365.4771696220721,63.199999999999996,124.50291713614541
291.0399678723516,928.6888392545357,49.6,157.6867537976102
-114.41846072803851,378.22665680417344,43.0,181.75269704357362
253.15996452505323,394.5084673869149,19.0,410.05564866827456
-16.139339084492224,978.7907749924332,36.0,215.91025603970468
382.4097314221312,512.9703210611286,32.599999999999994,236.65629035880502
241.10378262854175,745.7776396263861,45.0,171.30662816390583
274.77026493979895,894.9102935899256,42.8,179.52533511510887
173.87604281529414,921.1767678362685,53.0,144.52554689441126
200.44992119098046,465.17242595465956,53.0,144.36824408528327
310.0650436504232,940.1834752383918,42.8,178.44741547080872
-294.00243402132213,967.5789605845017,49.6,150.1737632411604
115.46407841183911,478.5998559234964,59.8,124.30000275579235
-143.9380925634549,1041.5544916452877,36.0,205.974438858728
170.767170284683,456.22069412366693,59.8,122.9005061180664
146.97358607337827,368.9713694105396,36.0,203.8661677765609
498.7181159823108,836.8724000632244,36.0,203.85952974467392
232.2254219255638,384.7430538606405,39.4,182.52472997519533
61.89301341908026,917.1525268866561,45.0,159.71760843411275
-163.00220069519168,1028.150809638539,36.0,199.54543547185813
131.81680737184172,428.0270435954225,53.0,133.77239361240143
190.5899469411368,948.8764651108659,36.0,195.33308940665714
340.17226350764753,361.10106181812796,66.6,104.69358398286354
430.37281926811863,824.8527684846515,45.0,153.0279134242073
122.204886257786,390.3267890035583,15.6,437.04926186919477
742.0370784690405,1044.3330251745608,15.6,434.452648892986
-37.54674295657559,341.20092837365416,25.8,262.27266699353197
328.93934152351545,808.8962603585107,36.0,187.40746779002362
-161.30206716304374,993.6521336466044,45.0,148.2251804462099
323.9426039846291,424.601288560911,29.2,227.04063978754687
395.59590510728833,518.6460829356989,56.4,117.41135414340805
161.52220598211252,380.8397638686316,36.0,183.4877490617648
168.5085783072081,886.2453744769796,53.0,124.4589165382618
186.54347695485248,887.2428753348007,15.6,422.24829201392237
268.4987836048308,413.7178653215031,29.2,223.14465384898057
165.90849034529433,434.2068156833776,32.599999999999994,199.50468691143033
347.296196130018,468.6528200964123,15.6,415.4212498700672
-62.809807454021126,1045.2310079359395,45.0,143.7104098586005
487.48066594829936,741.1020454591373,45.0,143.59795894909013
298.2869431269774,321.1229053176007,59.8,108.0097388329385
452.74736336737095,778.0922740701325,36.0,179.3601490708945
298.6392217120668,392.822142595633,39.4,163.6628212745396
-376.06681454913837,554.9408657510925,87.0,73.45256085735072
-39.435756784840756,360.37471077687735,25.8,246.88110453928704
-162.07738751433737,416.5851876866252,8.8,716.2026929225001
467.16186131647606,767.9205146519549,36.0,174.10251471243257
213.31901250164893,742.4263678775413,36.0,173.72582421464702
487.70471407691156,842.4092461734065,45.0,138.55655431920889
299.3536199597104,452.79174386566257,46.199999999999996,133.57846175705424
140.48930467817203,394.4040031170372,42.8,143.81068666531607
371.8157903155549,436.2117611104544,19.0,322.2750849280634
118.22529671447984,364.74953347670004,19.0,321.003981140181
254.21375869675762,365.4177143098477,15.6,388.91863083568103
-272.9416056310491,446.90330014654853,8.8,689.351964075504
59.01049472636897,923.8974741900724,36.0,168.30358254672868
295.2013894238904,486.8727801641604,15.6,387.533851836478
226.12560202332278,506.32912568082975,45.0,133.44465781722016
-280.4032225171243,487.5060089035487,8.8,682.3340380962287
-58.54813653205703,976.2301751007685,36.0,166.13479515590217
435.5872688775665,783.2939300894615,45.0,132.7334474196993
324.2545200439582,494.2374022243572,15.6,378.92640972601953
-44.31188323881513,1027.3969399600255,36.0,163.75365878175378
350.55714195905466,944.2263389300263,66.6,87.57165000757665
202.01905964634076,465.26836374743726,29.2,198.64595024082206
-320.8521328013648,1044.006073557072,53.0,107.98193740704522
173.8640814469548,257.3940744821786,18.0,315.4261720920766
310.07782380934424,626.9521622994166,45.0,125.99931254608319
413.2639537520517,510.84316287657145,15.6,360.99226084056124
-94.17251890785167,1037.473217399458,36.0,156.15675875707282
295.4467782189022,273.91159263410776,59.8,92.72569328237935
246.96476204031492,478.6160959388059,36.0,153.9870315862976
291.94537718209955,397.50964697085624,63.199999999999996,87.39497800966988
-118.64200621815864,1027.8967736631193,36.0,152.96201951450516
-94.11610044068043,281.21694281235955,29.2,187.91222967777344
247.14072974779458,258.50827684596106,49.6,110.02518827645922
-244.2104743063988,975.0219884701935,8.8,617.3500472362794
442.38100983049094,862.1037983051333,32.599999999999994,163.2616644406226
-409.315128950153,332.31977040517506,7.0,754.6119215202451
-207.3037334714839,992.3847495765278,45.0,116.59781127973046
431.92383803854443,824.3824605326806,45.0,113.32759156921202
240.83264074165672,376.11250103940824,36.0,140.6862850870881
202.55269528344078,467.48868768784735,15.6,319.68060135516305
-268.2712744450583,1028.9855169816744,36.0,136.5763111261452
-96.89056358220364,1023.8384397855787,45.0,107.9526537448788
270.22984309229156,480.22157703159905,15.6,309.32517720984026
-143.26424792657798,1019.8066377414481,36.0,133.78487800243295
281.93634305424314,483.33478912465074,15.6,305.62399827052593
313.1974180522748,420.51152343264505,15.6,304.88806831158155
258.5614317736787,477.0582921797662,15.6,303.4036604262867
319.40908391591256,787.2400600678257,36.0,131.3186252104487
-16.771644233514692,382.3790076218777,32.599999999999994,144.65834156297302
375.28310682680325,791.4213061234864,18.0,259.59480385453867
-16.049748848467125,323.66510533551076,18.0,258.5887908857515
319.6540109240157,356.8113141984366,15.6,297.45909193145576
202.0120163567781,603.865148397029,18.0,257.0141863158703
-118.72937333716624,1043.3796824078477,18.0,256.46644302079494
125.82719752047656,-110.92239354889841,18.0,255.42201848667904
-298.9319888387655,1002.3794067076673,18.0,255.28843032448503
142.14671641275282,546.1801421420473,18.0,251.38710682032135
236.97393124581015,704.4915225834183,18.0,251.287255554772
417.0906481946202,525.7835902888569,15.6,289.9121875545973
266.44790845789737,447.6157273518745,15.6,288.2911328178204
257.90229309660594,511.5754196265301,18.0,247.4812494405291
320.01480559044256,371.7234453705427,19.0,232.99061496626933
387.44993565605336,440.2327764952483,59.8,73.70991404976323
-172.36923363588875,70.98324947968483,7.0,626.9717219023387
519.5718771584965,848.1552384939594,18.0,239.37995116727777
132.19838685310413,364.16272819958033,15.6,275.9808624320693
262.19329386578266,617.0016372155761,18.0,237.78038757822182
151.12941709216054,401.02368580772094,29.2,146.39913853766186
110.57552760170628,884.3743606818434,32.599999999999994,130.4445771632789
-211.6934003249924,1003.2193522486375,18.0,235.8955592794814
238.2524977635385,611.1905123185192,18.0,234.60183427406258
-10.278623686778861,831.3404211628109,18.0,234.13909332076577
-21.94675025181899,174.18731171652357,18.0,233.8240241335506
-65.50092563844441,857.861475368594,18.0,233.66048958457154
239.69599960517496,829.5687665525031,18.0,231.82126698323353
183.93468202852907,545.7463151990015,18.0,231.404647100404
334.6713411813496,426.4209235650325,15.6,266.53214008105306
-97.62834577005798,304.5107197595309,42.8,96.97675692843461
465.3602160438966,1037.7244219964043,18.0,228.13076367435409
-11.731242783998901,427.38365330910204,8.8,465.97135695009337
134.653759718301,-31.954310023856596,9.0,453.9780141124459
338.4663191722577,769.4902860210289,18.0,226.6546077595316
352.840651143619,700.2984431509793,18.0,226.24114573694055
426.68234513493206,816.2972048089732,18.0,221.8184974519843
330.3906747461953,672.5792144602743,18.0,221.36911073987636
274.0070909796538,620.3594885115209,18.0,219.09097777279638
-163.12205333372262,1004.8562782065557,18.0,217.64372278037368
-192.70562397408588,1031.5654976733942,18.0,217.2901773342404
453.0868099334446,778.5831362817879,36.0,108.33830982321768
383.0687740625587,613.2283926889069,18.0,215.9783002439971
302.5036110696061,682.669877229049,18.0,214.79854204235158
182.5549906952552,737.3050140331945,18.0,214.74311761539226
155.35114828484137,429.682716323907,25.8,149.45132164377412
61.083569107468875,931.7357415830387,18.0,213.56709578688321
203.55374026268214,887.7360369114075,12.2,314.80939033783534
246.99755402853214,774.6125852385446,18.0,212.25717934225287
82.09875783063265,915.6765761065432,46.199999999999996,82.60045481357692
292.7028705244118,264.5151083135269,56.4,67.60329683219128
289.7020945994739,358.42934910732237,32.599999999999994,116.64110558424511
783.9983977945415,1038.3657463501063,8.8,430.920042447575
480.89569758978223,797.5998219149125,36.0,104.75232286195458
194.88841070155343,921.517567517846,8.8,424.6489208342983
224.17554195152303,952.238069594058,18.0,206.9882222396568
-193.29272402743257,1043.956969404351,18.0,206.71425885477413
-192.08400729987125,1011.8273315364505,18.0,204.5069277717997
116.23479842995374,862.3024288157935,18.0,204.1081118055405
382.366844991933,436.8912413217054,53.0,69.1485435979292
-321.8306632078563,1042.5772373376149,12.2,299.0865221780287
-143.15271215683933,999.5357124017808,18.0,202.30983005580512
473.3673019134501,848.588957360633,18.0,202.18648359545676
227.11487784841106,744.983806690958,18.0,202.0235537887492
324.84189366501386,629.2244321286457,18.0,202.00569908339338
539.0354317214357,899.1385949835948,12.2,297.7248380333954
264.50983905762547,260.1393796091143,15.6,231.24464310444918
280.74804407097537,756.9863145600964,18.0,200.40046270082794
221.42374695647297,923.3564391459099,8.8,408.6956032400721
464.6501973246721,803.4122812219,36.0,99.55567870691243
-125.36365599636422,262.8516861905398,22.4,159.92324593262848
-124.60713589506723,255.62273990893107,22.4,159.8958956483632
339.2324825286805,632.6628423156134,18.0,198.09384858773103
-1009.2782564873452,-983.3269443759742,18.0,198.0762768753864
158.43636507662663,454.3505951573863,15.6,228.11209797111886
-270.27493319140456,1044.8509666093514,18.0,195.64633826016097
352.2229582207955,216.59988775853276,56.4,61.91513812118851
216.06119604689613,550.2141103593617,18.0,193.7518195168593
731.7622296519592,959.2706149040666,32.599999999999994,106.33964770892055
933.1070068352185,1024.9841479757124,32.599999999999994,106.03725787403867
916.1012050346383,1035.4529709380781,18.0,191.87085289392866
302.98061519823705,588.8542894472952,18.0,191.6764362213381
-95.09490973326356,290.61669820263387,18.0,190.82734461852186
303.0853538732788,524.3106653091913,18.0,190.38186741474513
345.0988400351123,218.31433941377526,56.4,60.66530230234334
328.60754777585163,594.5485858632863,18.0,189.9320567012541
489.2726840758784,813.888420267286,18.0,189.86481513949215
-86.29627356368648,257.54589068484137,18.0,189.61496703892183
746.8804135378334,1011.759249351182,32.599999999999994,104.3081016138052
345.6296337034685,785.9323906246398,36.0,94.07695577520771
341.72112058731875,727.2657522542424,18.0,187.7176214440742
-119.89729652631507,1046.8602435804855,36.0,92.66860581402229
422.025179802806,659.8425593613001,22.4,148.90264669377726
339.94262333417663,771.9426212572587,36.0,92.49062110633518
464.2011223695674,802.7806909994192,18.0,184.64021422667594
170.73398827535445,457.42398855779896,15.6,211.6313841331072
450.33974223251494,811.9747299044298,36.0,91.68229821534122
367.61118587904804,366.39623707811967,56.4,58.36501178484534
-96.7837928666799,298.1168499424511,29.2,111.53346674158486
350.4510026877269,800.6690437093223,18.0,180.47362063699816
340.8308870816713,594.2986819741819,18.0,180.18072322577987
313.18395516706386,557.3651259906352,18.0,179.90197656184293
143.68535056645842,428.3247831760065,15.6,207.1288887133278
-298.48605436823215,1043.501851570352,18.0,179.13344317271907
-299.45373484604556,1015.4286452384254,18.0,178.23682486965404
433.45752205465664,663.3163911868501,22.4,142.73447796111938
274.8480641233461,537.3204603014055,18.0,176.35764987047662
335.94777859918725,693.7681017766932,18.0,176.01862882645128
798.5466552323769,995.8763892655224,29.2,108.0755274075461
700.7121000767609,921.68914016629,29.2,107.22863950244094
316.3645545899785,590.5211377366159,18.0,173.83592183458376
783.6475934375303,944.3682427595108,29.2,107.06091570899957
835.2265219134722,928.744085785666,29.2,107.01752048756056
132.62497307904792,425.2029028795127,15.6,200.13731163147676
719.5289557626672,887.0568055346245,29.2,105.59730175405049
820.2998871110555,877.3528523030292,29.2,105.53887716907484
768.092920455567,893.2704346315824,29.2,104.65765072157464
488.0940043415335,760.3720870793068,18.0,168.79535964107458
-230.59174185611485,201.3664608795129,15.0,202.0879678459212
215.47374016442524,951.15881658667,18.0,167.6932880880865
476.24953781125396,819.5601082379807,18.0,167.53851965547858
-168.976964832583,661.7587723607045,18.0,161.01289914172045
-296.6872098244284,-54.7639880548154,5.0,570.542957062381
397.4844128471221,750.5872304266666,18.0,156.41785487632671
103.6183650282663,885.7177595108881,25.8,108.67303906718628
-215.63648973686983,1015.8206884251116,18.0,155.02288470421306
82.05708758464434,916.7715939359614,18.0,154.44290432822828
249.9932771403031,613.7079102092208,18.0,154.24660191706937
84.27026373575659,-136.7476045876662,19.0,143.79934702567664
138.277696134087,918.4247059795226,22.4,121.51815299260619
144.16957968290333,918.6002402681943,22.4,121.46060160701064
206.8906484185107,569.9585536901802,18.0,150.0996846034871
-88.28553697739284,978.4291821275964,29.2,91.24372569994397
286.0027012566702,570.1650357047166,18.0,146.42139803464454
146.37096839738828,885.3055166530243,8.8,296.63445349205915
-79.05860878253563,874.0649825487437,18.0,143.25139000107245
33.22846968778919,417.3284558794901,18.0,143.16946399782086
268.1168658961098,674.8460505631924,18.0,143.15393842623416
182.24000718638314,461.7257610240386,15.6,165.06942160668598
300.299369769742,349.91606598176793,22.4,114.36179560666868
381.62970459972513,439.8782689378928,19.0,134.64618531738958
219.66697299911536,99.22714938881504,18.0,141.32709345690714
499.6982609942468,839.3753302466085,18.0,138.9283253729524
398.73539762746316,618.257602705883,18.0,138.03572970920797
438.7610356170773,663.330772874266,22.4,110.87545085949893
407.3650393170843,620.6527523265247,18.0,137.72381982624353
126.06505659358729,885.9185632600687,8.8,279.10106803286226
219.82486635388634,74.65001873500218,18.0,136.31853794904225
299.17430447691976,319.8638901275893,15.6,156.2373807160215
454.4717049465795,421.9697197772636,18.0,132.98216708464267
-90.14298859045932,242.86035484747563,18.0,132.02146796528916
238.32564268122118,464.384675331034,19.0,123.56235023559641
294.0539987194975,263.1154646265951,19.0,123.28703059733036
-17.297835228782315,1041.9773098773283,36.0,64.98965476246222
234.9941235309018,476.8981227703242,19.0,123.00196402738797
-163.88728724015385,1045.8935376211496,18.0,129.62095926768941
387.40440565303567,442.0961171307431,19.0,122.76256363038377
-1021.9004320767807,-892.2398348222188,10.0,232.7995945393707
222.08819148980788,889.0094973440947,8.8,259.8827644275025
-247.18087694436542,1015.0726677412383,18.0,126.75153844843017
418.61359186380844,623.1074838396394,18.0,124.73794945354379
270.65305483240667,750.1385363750773,18.0,124.27824246353562
-219.75134185027022,-101.98798058948066,44.0,50.487901667633665
14.417508757570197,640.6790018429622,18.0,122.22373629492257
323.71315411966947,630.9524221731049,18.0,122.17340677424735
426.7710923116068,661.126028224449,22.4,97.95510146643647
503.9727371528279,788.7600311006739,18.0,121.87205255554177
302.3555135549784,527.2547899299803,18.0,121.18384133092506
429.68970492572663,1044.1200660896993,18.0,118.88129771460228
353.8384054448062,944.9802892974611,15.6,137.0255413698797
-16.668949956603456,338.84165734863774,18.0,118.62414305186213
-17.104395801554467,347.060136990028,18.0,118.55749844384519
338.5245741128271,635.2697752417401,18.0,118.54253193638351
9.383013478195744,-20.256630506361947,12.2,173.3910888059704
291.84342609148723,948.9167626353416,18.0,116.41065434784367
-266.7450624929387,1003.8924607631842,18.0,115.7544417544702
-136.42096401791989,30.679523345378048,8.8,236.42665888086145
-981.4120628925311,-975.7889130676087,5.0,415.20809178323384
-169.6144899881058,377.3389433440634,18.0,115.07706692751245
232.57709358038787,558.1492915868776,18.0,114.09406399917968
312.67600280810126,667.7998226422744,18.0,113.34638657596498
302.77758259800794,665.4708802171858,18.0,113.3233989563773
58.52649263129331,955.7267431541034,18.0,111.57589114601504
-298.9778374725306,574.8719922816651,18.0,111.5339606371608
252.78490142824313,528.1357245828385,18.0,109.54278944193597
315.0120089742706,687.2904448903172,18.0,109.00811997236413
322.49004637574006,688.9180418793073,18.0,108.9762622510168
996.978860674776,630.0967590810926,18.0,108.63586214898149
-38.26146005249688,382.8021073028763,32.599999999999994,59.344595689186114
-33.49782975068424,383.0075614727529,32.599999999999994,59.34459054030892
-23.97674289471463,383.43458292979403,32.599999999999994,59.32258612336517
-28.73713891914488,383.2197715278177,32.599999999999994,59.28208810225409
-65.19104316146134,1047.419161391906,45.0,42.70714254051281
401.37397173826537,647.231568000978,22.4,84.94481037392914
242.25466266812725,509.34651875620744,18.0,104.73729167488491
293.0559601037656,619.7032604504437,19.0,99.1721844445639
9.079866871248074,750.3971509139112,18.0,104.51370248478824
-299.2497299350099,1002.0246100133302,18.0,104.34596750072775
-321.72861365974666,1018.7448715770316,22.4,83.80737899442018
-322.1413244023778,1028.0730929255287,22.4,83.80733017613176
-322.34242080205183,1032.7426462527665,22.4,83.80730572133601
-321.9376689255311,1023.4147782585017,22.4,83.78958867296645
235.8668717200184,507.6398433749803,18.0,103.13088338531155
-8.640044374623857,792.629961559442,18.0,102.84435257358626
236.4602975526381,612.411833248139,18.0,102.43850551596056
408.12453964654173,649.2500334944449,22.4,82.207246766666
445.3624001955743,664.2953945719732,22.4,82.17316567264601
244.79516867782823,561.4624526035659,18.0,101.4906358587708
-205.5170841739232,139.69252287599195,18.0,101.3259229478181
-244.26913143349347,997.9112422470291,18.0,101.0923767009999
452.8576736688276,856.8414907433564,18.0,100.73189241299106
131.48713919753132,547.1932606784532,18.0,100.33764634416738
162.3406324757695,403.68776252523344,15.6,115.13908519079031
459.0735436221295,854.112783569053,18.0,99.481574023239
297.4815489885996,176.0459237535504,5.4,330.3896264723626
299.7984442959467,621.2470124962427,19.0,93.8137865253089
-72.69530957629985,935.6849329702998,18.0,98.47464110661299
-193.90719902753594,1045.0468018881106,18.0,97.33352422393394
282.10857366295454,260.9545476276898,19.0,91.86035677781217
165.73862190814222,-38.19462293417003,5.4,320.7440797789414
-151.47138155869203,355.86674367491224,18.0,94.31263600171755
-43.11291706451209,1047.8863202333514,36.0,46.71271798802523
449.23227177601257,664.229461925936,22.4,74.36577945382895
374.9127792946831,640.4164401162803,22.4,73.50043879399206
-169.430987978501,66.80528109158047,3.5,468.95553194223106
316.99441781340045,527.7088142244588,18.0,91.09289014822102
322.1600314133621,529.130416535976,18.0,91.03714403111424
212.56152937736792,59.507919183983255,18.0,90.93272749414365
-267.24919272422585,-38.31765815928264,18.0,90.6773854163821
350.7288509338968,800.4080015099906,18.0,90.35268489528742
-267.85664984633945,990.3052282477291,18.0,87.90733937340036
-964.019632788356,-1014.2892320839578,7.0,223.06780657714353
216.9342464427574,604.8063609678311,18.0,86.61962466148667
416.39284352774376,650.6821211795952,22.4,69.59355415697247
224.4776400243809,606.2822291077628,18.0,86.3830882007386
180.15562842516923,925.4053620146882,18.0,85.9455813427971
270.29996124916613,650.8686266798738,18.0,85.49793700145607
-47.782843308895885,382.3776944020874,25.8,59.344606106776496
-43.02215151940186,382.5899001314172,25.8,59.2821036730145
499.9446871712724,781.1007517511013,18.0,84.82342342636281
251.44313348453176,89.6219703106903,18.0,84.71039763075495
254.92354049046457,558.4455047402749,18.0,84.69755475728006
-142.05301932509389,378.8195479068007,29.2,52.10158746352774
-137.94856062742727,379.1327472291425,29.2,51.866899839687015
212.16462550676854,603.5324050598617,18.0,83.59724566422142
387.5421187691721,644.0975167503849,22.4,66.91698667651458
229.22334012522657,607.5452525809636,18.0,83.09393600913386
-244.71671313923144,1003.1692511573074,18.0,82.39406451545781
136.87347716391648,-156.272990105663,18.0,81.32000223114781
-235.99235861387504,229.2554258265867,22.4,65.32345924147896
380.2962248056329,642.2443248448028,22.4,65.2790149293773
-235.11630330231932,224.50385685610266,22.4,65.16231064581443
103.28190088697443,504.49018225443183,15.6,93.22939123331965
-330.8378388972016,-48.79837575868522,18.0,80.78827248871767
241.22946913647954,-174.09286765720339,18.0,80.39715686898114
293.67717414116856,327.63391053723586,19.0,75.83095802848287
193.40631953799178,-177.01669324633434,18.0,79.64826921161476
467.8335506730963,824.5286706096865,18.0,79.45261477140252
-215.89761881294135,1003.7344375589297,18.0,79.06296556218545
-14.585025141545342,844.2636977079114,18.0,79.04551037542514
281.7275220610618,588.5787902890861,18.0,78.57006320352072
286.450241328198,589.7544128060849,18.0,78.53917483262451
366.5263436894562,638.4761135782654,22.4,62.862559926442884
392.5408196792062,645.3947024295368,22.4,62.61874941428235
239.21173593553388,531.2125382191971,18.0,77.88382790483519
-272.8705360139584,-36.987805604029866,18.0,77.8109728993877
-71.23707797288223,374.9339712682978,19.0,73.67535205977222
-71.01929599524226,370.90503090800956,19.0,73.65624316327492
252.88631348721577,581.2775884845584,18.0,77.41975862520574
-71.42536295219854,380.73304902426094,19.0,73.33565627141046
-71.63614129230352,384.75908949243353,19.0,73.28958382198549
-989.8870093930732,-935.3159650105547,7.0,198.60335327338402
248.11740814309536,580.1197899658965,18.0,77.01836262835964
288.8615713275472,-171.2443499595586,18.0,76.8202374737694
258.1763085895197,583.0062940828999,18.0,76.32807413234079
411.1689002697681,670.4637921868219,18.0,76.11558761553502
-228.60951026393778,191.8680920477219,18.0,74.29260146793753
-283.26781303000223,-104.23926485643788,18.0,74.28517604557608
-192.3300995544561,1032.3457291755376,18.0,73.97272257111892
-221.739850815503,143.17536613706952,18.0,73.62350713952047
269.1031275413838,586.6338017145605,18.0,72.2736877305767
274.3461396115548,587.933735611341,18.0,72.23252219170628
296.62104745012766,546.2737592175124,18.0,70.08970432392576
291.8130851480277,545.0466634851431,18.0,70.06340419096361
361.65148192428035,637.0726166331041,22.4,56.10052245711569
104.019781247444,-25.583616736046338,5.4,232.48673888630046
141.5002126328395,515.266125467381,15.6,80.45857273959578
146.79152854925763,516.424576630264,15.6,79.15873261735535
154.21106313961076,518.407720319664,15.6,79.04328654179803
172.1026512937016,-78.94914353027043,18.0,67.38185822112936
299.7548048567311,800.8398711096984,18.0,67.09738332254827
135.18510477314476,513.2912029727845,15.6,77.40254446754095
391.39098970569415,735.2858778740687,18.0,66.69637491286917
404.46372959049376,730.2211017423666,18.0,66.65850836768963
399.0033355707027,732.3246924787059,18.0,66.64558643315627
385.92882286341637,737.3903979948187,18.0,66.64557868611767
260.0385871862394,559.5548513291001,18.0,66.6378843897801
265.9471033499719,561.0088088568805,18.0,66.60715600264454
270.56501782558195,562.1450684614209,18.0,66.59838830608354
-133.3751443360655,45.560793252339224,8.8,135.1543739526091
-322.56589999946436,50.192703886407934,18.0,65.94058539185451
-13.567085537435128,267.2274556825206,18.0,65.9232419591979
-13.361778760427649,262.6557536655949,18.0,65.86193180006741
-278.5217424353227,-35.68389271850964,18.0,64.79013974673086
363.09094534048734,656.6332899960904,18.0,64.54896627393862
127.14468196571318,511.66040917541386,15.6,74.0726233930015
-268.90020285962953,981.8175604930899,18.0,63.740040325410064
-270.0548460104288,1013.2027769972378,18.0,63.67325004770987
357.60637312654956,655.0290874952007,18.0,63.44531404325308
-269.03237386606435,985.59044116235,18.0,63.19334117298286
-270.1861551976147,1016.9758639369114,18.0,63.19321711272969
234.79701125833057,530.0787091269218,18.0,62.756600332294965
115.16838893345287,508.7653478976277,15.6,72.17284642531482
-119.256502357338,611.1850603458743,18.0,62.27663307307056
122.32871434686291,510.35539891521665,15.6,71.81678750009127
-227.3866572249612,192.05254463776794,18.0,61.63649391329985
-274.4436144670059,-84.87344185851477,5.0,214.80751149959082
110.59103911306482,507.59123878661694,15.6,68.60795085919511
382.44999535104387,662.389890874295,18.0,59.214170996894204
376.0624024007177,660.6203746068907,18.0,59.12540986704702
369.72553475094895,658.7913609420195,18.0,59.08372045951705
220.66143659007778,504.869081601909,18.0,58.37811716179048
16.334426541821003,464.4236570852258,18.0,58.33337859539547
-39.084027405620695,783.6643736522924,18.0,58.15402196609257
-400.691082222244,963.463197079534,18.0,58.10713196103873
388.77125046036804,664.1341591809743,18.0,58.087693600682954
116.01037861709665,-91.56736248728018,5.4,193.0574004596243
-17.93395469827337,1048.4561210497984,36.0,28.85876281878948
349.52291319004627,633.8854277786376,19.0,52.926510992487366
355.3927284284088,634.296586826915,19.0,52.10279665631774
-190.06282477560652,991.4362259859323,18.0,54.57269163769515
-190.2016371327151,995.1526489157721,18.0,54.56704521763266
-169.55675052880548,26.053779982815175,4.0,245.137317780961
262.46602996264687,584.3315560049822,18.0,53.665428713282616
-11.631980921704738,257.4218372544731,18.0,53.228150680509195
-87.96203569901317,379.3720782081277,15.6,61.19654570884448
-12.299995132333914,272.58955263806445,18.0,52.96222816219324
220.05180525960836,91.82211573048302,18.0,52.932077149603984
-18.913868934109377,1048.072298504013,18.0,52.355950541232176
-284.2130017896421,-34.42320574239315,18.0,51.43710103614549
-139.36493360044383,39.52481647081106,8.8,104.61681262168896
-339.04376828502086,807.3130192820221,18.0,49.25397639725084
229.1649522280563,8.099024388043066,18.0,47.812676070093694
-104.94399127330561,131.83360993152178,18.0,47.02303798463405
17.792958687455176,438.9461896152702,18.0,45.4686408749244
320.8291793122817,184.40840529146493,19.0,42.297600555955626
-192.0424269808993,26.867871279641058,20.0,40.12261328329642
-173.3283728217349,25.72406851980359,9.0,88.18832494875025
274.47884002063597,186.04033466358337,18.0,43.488967652878486
-301.7286760598963,-27.969311790159644,18.0,38.79537194445387
62.13752523360093,63.025687860157305,18.0,38.45478714457109
-273.7359175883155,1047.1456840273065,18.0,38.42210598263593
-289.8562209571651,-33.115191364217004,18.0,38.32611683364949
-129.71794575524615,611.043612598509,18.0,37.931721672958375
379.3898851911967,-84.22345760662805,18.0,36.301835790308765
24.83816747606611,797.9836240453062,18.0,35.904648302989415
59.59913586192804,88.45140077997783,18.0,34.316415319877045
-307.22795926904774,-77.38433783169177,18.0,33.62823079963701
-65.79245379841424,937.2566473940615,18.0,33.308838983680786
44.51698681412953,438.01304514136007,18.0,27.019236100802317
227.8761650631387,215.4453172641148,5.4,87.40641165627105
42.36729867254346,489.48965009943083,18.0,26.100607392777796
25.862601599775612,439.0732782718298,18.0,25.383581945155
51.44067483597677,1049.0993852916579,12.2,37.28816058321973
-295.52533778560945,-31.83141071462771,18.0,25.114470475634015
-1007.0721243877214,-925.8132866386754,5.0,88.34998463430034
-268.4481432817192,-110.46581495923539,5.4,78.6656547043277
37.52340701973873,598.3907824469354,18.0,17.745635934990354
156.61955979456576,-79.8143243587959,5.4,57.917757225591
51.933479974099946,291.17412678076244,5.4,56.26019848952888
-579.812520018092,890.392153110369,8.8,32.18662330968161
53.413741510993916,257.63521339810325,5.4,52.42670965416333
-262.9726732720815,-43.982111593048025,2.5,103.39318159171239
101.62993146979332,-131.23142799848176,5.4,46.362971998767364
769.3461385464126,353.4180393660865,5.4,38.73466538494484
915.0862874131633,477.4824232697414,5.4,36.1632585266516
44.87143430232605,119.26790070534754,5.4,26.921976038611533
56.44893653073819,186.17322335307978,5.4,26.906090393310443
-230.5564445320741,-118.1174642753902,5.4,23.168532798494198
368.72343307209854,-85.02798142413074,5.4,22.55059392800406
